{"cameraMode":{"drawMode":0,"name":"Shaded","section":"Shading Mode"},"sceneLighting":true,"audioPlay":false,"sceneViewState":{"m_AlwaysRefresh":false,"showFog":true,"showSkybox":true,"showFlares":true,"showImageEffects":true,"showParticleSystems":true,"showVisualEffectGraphs":true,"m_FxEnabled":true},"in2DMode":false,"pivot":{"x":-0.5190488696098328,"y":4.578886985778809,"z":0.19181476533412934},"rotation":{"x":-0.07060980796813965,"y":0.687501072883606,"z":-0.06745923310518265,"w":-0.7195890545845032},"size":3.2249679565429689,"orthographic":false}